attribute,category,planned,retained,excluded,retained_percent
crop_source,corn,41,36,5,87.8048780487805
crop_source,soybean,58,19,39,32.758620689655174
window_id,158,10,7,3,70.0
window_id,213,10,10,0,100.0
window_id,215,33,13,20,39.39393939393939
window_id,216,5,0,5,0.0
window_id,217,5,5,0,100.0
window_id,240,7,1,6,14.285714285714285
window_id,242,9,8,1,88.88888888888889
window_id,262,12,11,1,91.66666666666666
window_id,263,8,0,8,0.0
farm_id,FARM-01,10,7,3,70.0
farm_id,FARM-02,6,6,0,100.0
farm_id,FARM-03,3,1,2,33.33333333333333
farm_id,FARM-04,1,1,0,100.0
farm_id,FARM-05,5,5,0,100.0
farm_id,FARM-06,9,9,0,100.0
farm_id,FARM-07,20,6,14,30.0
farm_id,FARM-08,21,7,14,33.33333333333333
farm_id,FARM-09,11,10,1,90.9090909090909
farm_id,FARM-10,2,2,0,100.0
farm_id,FARM-11,1,0,1,0.0
farm_id,FARM-12,9,1,8,11.11111111111111
farm_id,FARM-13,1,0,1,0.0
scene_date,2025-06-23,20,17,3,85.0
scene_date,2025-07-04,20,18,2,90.0
scene_date,2025-07-12,28,5,23,17.857142857142858
scene_date,2025-08-10,30,14,16,46.666666666666664
scene_date,nan,1,1,0,100.0
stads_direction,Negative,56,34,22,60.71428571428571
stads_direction,Positive,43,21,22,48.837209302325576
