subset,pair_id,field_id,crop,stads_direction,n_presence_valid,n_direction_valid,presence_evaluable,confidence_weighted_support,consensus_direction,direction_evaluable,direction_match,presence_mode,Strict,Moderate,Liberal,Confidence-weighted,composite
All-five valid presence complete cases,BL-001,BF-024,Corn Silage,Negative,5,3,True,0.25000000000000006,Negative,True,True,Possibly Confirmed,False,False,True,False,No correspondence
All-five valid presence complete cases,BL-003,BF-023,Alfalfa/Grass,Positive,5,4,True,0.4444444444444444,Tie,False,False,Possibly Confirmed,False,True,True,False,Presence-only correspondence
All-five valid presence complete cases,BL-007,BF-017,Corn Silage,Positive,5,5,True,0.9583333333333333,Negative,True,False,Confirmed,True,True,True,True,Presence-only correspondence
All-five valid presence complete cases,BL-010,BF-052,Corn Silage,Positive,5,4,True,0.5,Positive,True,True,Possibly Confirmed,False,True,True,True,Full correspondence
All-five valid presence complete cases,BL-014,BF-040,Corn Silage,Negative,5,2,True,0.27272727272727276,Tie,False,False,Not Confirmed,False,False,False,False,No correspondence
All-five valid presence complete cases,BL-015,BF-039,Corn Silage,Negative,5,2,True,0.05,Positive,True,False,Not Confirmed,False,False,False,False,No correspondence
All-five valid presence complete cases,BL-017,BF-035,Corn Silage,Negative,5,0,True,0.0,,False,False,Not Confirmed,False,False,False,False,No correspondence
All-five valid presence complete cases,BL-018,BF-036,Corn Silage,Negative,5,0,True,0.0,,False,False,Not Confirmed,False,False,False,False,No correspondence
All-five valid presence complete cases,BL-019,BF-030,Alfalfa,Positive,5,2,True,0.15,Negative,True,False,Not Confirmed,False,False,False,False,No correspondence
All-five valid presence complete cases,BL-020,BF-047,Corn Grain,Negative,5,2,True,0.35,Tie,False,False,Tie,False,False,True,False,No correspondence
All-five valid presence complete cases,BL-024,BF-006,Corn Silage,Negative,5,5,True,1.0,Negative,True,True,Confirmed,True,True,True,True,Full correspondence
All-five valid presence complete cases,BL-025,BF-006,Corn Silage,Positive,5,5,True,1.0,Positive,True,True,Confirmed,True,True,True,True,Full correspondence
All-five valid presence complete cases,BL-028,BF-016,Corn Silage,Negative,5,5,True,1.0,Negative,True,True,Confirmed,True,True,True,True,Full correspondence
All-five valid presence complete cases,BL-031,BF-001,Corn Silage,Positive,5,2,True,0.2692307692307693,Positive,True,True,Not Confirmed,False,False,False,False,No correspondence
All-five valid presence complete cases,BL-033,BF-042,Corn Silage,Negative,5,4,True,0.7857142857142858,Negative,True,True,Confirmed,True,True,True,True,Full correspondence
All-five valid presence complete cases,BL-038,BF-028,Corn Silage,Negative,5,5,True,0.9230769230769231,Negative,True,True,Confirmed,True,True,True,True,Full correspondence
All-five valid presence complete cases,BL-039,BF-029,Corn Silage,Negative,5,4,True,0.45454545454545453,Negative,True,True,Possibly Confirmed,False,True,True,False,Full correspondence
All-five valid presence complete cases,BL-040,BF-034,Corn Silage,Negative,5,0,True,0.0,,False,False,Not Confirmed,False,False,False,False,No correspondence
All-five valid presence complete cases,BL-041,BF-007,Corn Silage,Positive,5,0,True,0.0,,False,False,Not Confirmed,False,False,False,False,No correspondence
All-five valid presence complete cases,BL-042,BF-011,Soybeans,Positive,5,3,True,0.5833333333333334,Positive,True,True,Tie,False,False,True,True,No correspondence
All-five valid presence complete cases,BL-050,BF-026,Soybeans,Positive,5,4,True,0.8333333333333334,Tie,False,False,Confirmed,True,True,True,True,Presence-only correspondence
All-five valid presence complete cases,BL-062,BF-025,Soybeans,Negative,5,5,True,0.9230769230769231,Negative,True,True,Confirmed,True,True,True,True,Full correspondence
All-five valid presence complete cases,BL-068,BF-041,Soybeans,Negative,5,5,True,1.0,Negative,True,True,Confirmed,True,True,True,True,Full correspondence
All-five valid presence complete cases,BL-071,BF-015,Soybeans,Negative,5,0,True,0.0,,False,False,Not Confirmed,False,False,False,False,No correspondence
All-five valid presence complete cases,BL-079,BF-027,Soybeans,Negative,5,3,True,0.27272727272727276,Negative,True,True,Possibly Confirmed,False,False,True,False,No correspondence
All-five valid presence complete cases,BL-080,BF-027,Soybeans,Negative,5,0,True,0.0,,False,False,Not Confirmed,False,False,False,False,No correspondence
All-five valid presence complete cases,BL-081,BF-027,Soybeans,Negative,5,4,True,0.7727272727272727,Negative,True,True,Confirmed,False,True,True,True,Full correspondence
All-five valid presence complete cases,BL-083,BF-010,Soybeans,Positive,5,0,True,0.0,,False,False,Not Confirmed,False,False,False,False,No correspondence
All-five valid presence complete cases,BL-084,BF-010,Soybeans,Positive,5,0,True,0.0,,False,False,Not Confirmed,False,False,False,False,No correspondence
All-five valid presence complete cases,BL-085,BF-010,Soybeans,Positive,5,4,True,0.7500000000000001,Negative,True,False,Confirmed,False,True,True,True,Presence-only correspondence
All-five valid presence complete cases,BL-087,BF-044,Soybeans,Negative,5,5,True,0.9230769230769231,Negative,True,True,Confirmed,True,True,True,True,Full correspondence
All-five valid presence complete cases,BL-089,BF-044,Soybeans,Negative,5,5,True,0.9285714285714285,Negative,True,True,Confirmed,True,True,True,True,Full correspondence
All-five valid presence complete cases,BL-091,BF-044,Soybeans,Negative,5,5,True,0.9,Negative,True,True,Confirmed,True,True,True,True,Full correspondence
