endpoint,rater_1,rater_2,n_common_items,raw_agreement,cohen_kappa
"Presence, all categories",R1,R2,55,0.6181818181818182,0.4645340751043115
"Presence, all categories",R1,R3,55,0.6363636363636364,0.4698795180722891
"Presence, all categories",R1,R4,55,0.6545454545454545,0.5141794514179452
"Presence, all categories",R1,R5,55,0.32727272727272727,0.12660944206008587
"Presence, all categories",R2,R3,55,0.7454545454545455,0.6231032794909447
"Presence, all categories",R2,R4,55,0.6727272727272727,0.5391061452513966
"Presence, all categories",R2,R5,55,0.4727272727272727,0.2929964539007092
"Presence, all categories",R3,R4,55,0.5636363636363636,0.388038942976356
"Presence, all categories",R3,R5,55,0.5272727272727272,0.2882030861124938
"Presence, all categories",R4,R5,55,0.32727272727272727,0.18371440032089853
"Presence, evaluable categories",R1,R2,43,0.7906976744186046,0.6617132867132867
"Presence, evaluable categories",R1,R3,47,0.7446808510638298,0.5910079767947788
"Presence, evaluable categories",R1,R4,42,0.7380952380952381,0.5290519877675842
"Presence, evaluable categories",R1,R5,36,0.5,0.23764705882352943
"Presence, evaluable categories",R2,R3,49,0.8163265306122449,0.708910891089109
"Presence, evaluable categories",R2,R4,42,0.7857142857142857,0.6235059760956175
"Presence, evaluable categories",R2,R5,41,0.5121951219512195,0.21001926782273603
"Presence, evaluable categories",R3,R4,43,0.6976744186046512,0.485267034990792
"Presence, evaluable categories",R3,R5,42,0.6666666666666666,0.3810526315789472
"Presence, evaluable categories",R4,R5,35,0.4,0.1590389016018307
"Direction, evaluable categories",R1,R2,24,0.9583333333333334,0.8636363636363638
"Direction, evaluable categories",R1,R3,24,0.875,0.3333333333333337
"Direction, evaluable categories",R1,R4,26,0.9230769230769231,0.7523809523809525
"Direction, evaluable categories",R1,R5,12,0.9166666666666666,0.0
"Direction, evaluable categories",R2,R3,25,0.8,0.193548387096774
"Direction, evaluable categories",R2,R4,32,0.875,0.6666666666666666
"Direction, evaluable categories",R2,R5,12,0.8333333333333334,-0.09090909090908979
"Direction, evaluable categories",R3,R4,26,0.8076923076923077,0.19753086419753094
"Direction, evaluable categories",R3,R5,12,0.9166666666666666,0.0
"Direction, evaluable categories",R4,R5,13,0.8461538461538461,-0.08333333333333463
