endpoint,confidence,n,successes,percent,n_fields,ci_lower_percent,ci_upper_percent,bootstrap_replicates,seed
Presence support,Low,24,14,58.333333333333336,20,38.095238095238095,77.27272727272727,10000,20260858
Agreement with panel presence mode (self-included),Low,22,15,68.18181818181819,18,47.82608695652174,86.36363636363636,10000,20260859
Binary direction agreement with STADS,Low,14,6,42.857142857142854,14,14.285714285714285,71.42857142857143,10000,20260860
Presence support,Medium,67,39,58.208955223880594,28,45.999425287356324,71.1864406779661,10000,20260861
Agreement with panel presence mode (self-included),Medium,60,42,70.0,26,62.295081967213115,78.43137254901961,10000,20260862
Binary direction agreement with STADS,Medium,32,19,59.375,19,40.74074074074074,75.67567567567568,10000,20260863
Presence support,High,145,82,56.55172413793103,38,38.88681592039801,71.11111111111111,10000,20260864
Agreement with panel presence mode (self-included),High,136,128,94.11764705882354,35,88.88888888888889,97.82608695652173,10000,20260865
Binary direction agreement with STADS,High,89,73,82.02247191011236,22,67.44186046511628,93.33455882352939,10000,20260866
