stream,analysis,subgroup_variable,subgroup_value,field_cluster_columns,n_fields,successes,n,estimate,estimate_percent,field_cluster_bootstrap_ci_lower,field_cluster_bootstrap_ci_upper,field_cluster_bootstrap_ci_lower_percent,field_cluster_bootstrap_ci_upper_percent,unadjusted_wilson_ci_lower,unadjusted_wilson_ci_upper,unadjusted_wilson_ci_lower_percent,unadjusted_wilson_ci_upper_percent,bootstrap_replicates_requested,bootstrap_replicates_valid
Blind paired,Confirmation - Strict,,,field_id,39,20,53,0.3773584905660378,37.73584905660378,0.2127659574468085,0.5344827586206896,21.27659574468085,53.44827586206896,0.2593607657173382,0.5119334976390768,25.93607657173382,51.19334976390768,10000,10000
Blind paired,Confirmation - Strict by crop,Crop,Alfalfa,field_id,1,0,1,0.0,0.0,,,,,0.0,0.7934567085261071,0.0,79.34567085261071,10000,0
Blind paired,Confirmation - Strict by crop,Crop,Alfalfa/Grass,field_id,2,0,2,0.0,0.0,0.0,0.0,0.0,0.0,0.0,0.6576280471103807,0.0,65.76280471103807,10000,10000
Blind paired,Confirmation - Strict by crop,Crop,Corn Grain,field_id,1,0,1,0.0,0.0,,,,,0.0,0.7934567085261071,0.0,79.34567085261071,10000,0
Blind paired,Confirmation - Strict by crop,Crop,Corn Silage,field_id,26,10,30,0.3333333333333333,33.33333333333333,0.1428571428571428,0.53125,14.28571428571428,53.125,0.1923029552684619,0.5122027418616973,19.2302955268462,51.22027418616973,10000,10000
Blind paired,Confirmation - Strict by crop,Crop,Soybean,field_id,9,10,19,0.5263157894736842,52.63157894736842,0.2222222222222222,0.8235294117647058,22.22222222222222,82.35294117647058,0.3170748251182511,0.7267049451255145,31.70748251182511,72.67049451255146,10000,10000
Blind paired,Confirmation - Moderate,,,field_id,39,25,53,0.4716981132075472,47.16981132075472,0.32,0.6111111111111112,32.0,61.11111111111111,0.343820276089814,0.6034014769924354,34.3820276089814,60.34014769924354,10000,10000
Blind paired,Confirmation - Moderate by crop,Crop,Alfalfa,field_id,1,0,1,0.0,0.0,,,,,0.0,0.7934567085261071,0.0,79.34567085261071,10000,0
Blind paired,Confirmation - Moderate by crop,Crop,Alfalfa/Grass,field_id,2,1,2,0.5,50.0,0.0,1.0,0.0,100.0,0.09452865480086614,0.9054713451991339,9.452865480086615,90.54713451991339,10000,10000
Blind paired,Confirmation - Moderate by crop,Crop,Corn Grain,field_id,1,0,1,0.0,0.0,,,,,0.0,0.7934567085261071,0.0,79.34567085261071,10000,0
Blind paired,Confirmation - Moderate by crop,Crop,Corn Silage,field_id,26,12,30,0.4,40.0,0.2,0.6,20.0,60.0,0.245903943260834,0.5767994750172616,24.5903943260834,57.67994750172616,10000,10000
Blind paired,Confirmation - Moderate by crop,Crop,Soybean,field_id,9,12,19,0.631578947368421,63.1578947368421,0.4285714285714285,0.8333333333333334,42.85714285714285,83.33333333333334,0.4103915749815672,0.8085072762372616,41.03915749815672,80.85072762372616,10000,10000
Blind paired,Confirmation - Liberal,,,field_id,39,32,53,0.6037735849056604,60.37735849056604,0.4468085106382979,0.7424806576402313,44.68085106382978,74.24806576402312,0.4694123578888073,0.7241078808096105,46.94123578888073,72.41078808096105,10000,10000
Blind paired,Confirmation - Liberal by crop,Crop,Alfalfa,field_id,1,0,1,0.0,0.0,,,,,0.0,0.7934567085261071,0.0,79.34567085261071,10000,0
Blind paired,Confirmation - Liberal by crop,Crop,Alfalfa/Grass,field_id,2,2,2,1.0,100.0,1.0,1.0,100.0,100.0,0.3423719528896192,1.0,34.23719528896193,100.0,10000,10000
Blind paired,Confirmation - Liberal by crop,Crop,Corn Grain,field_id,1,1,1,1.0,100.0,,,,,0.2065432914738929,1.0,20.65432914738929,100.0,10000,0
Blind paired,Confirmation - Liberal by crop,Crop,Corn Silage,field_id,26,14,30,0.4666666666666667,46.66666666666666,0.2666666666666667,0.6666666666666666,26.66666666666667,66.66666666666666,0.3023212722412824,0.6385798671847496,30.23212722412823,63.85798671847495,10000,10000
Blind paired,Confirmation - Liberal by crop,Crop,Soybean,field_id,9,15,19,0.7894736842105263,78.94736842105263,0.5789473684210527,0.9721428571428468,57.89473684210527,97.21428571428467,0.5666528575973392,0.9149246150840843,56.66528575973392,91.49246150840843,10000,10000
Blind paired,Confirmation - Confidence-weighted,,,field_id,39,25,53,0.4716981132075472,47.16981132075472,0.3076530612244902,0.6296296296296297,30.76530612244902,62.96296296296296,0.343820276089814,0.6034014769924354,34.3820276089814,60.34014769924354,10000,10000
Blind paired,Confirmation - Confidence-weighted by crop,Crop,Alfalfa,field_id,1,0,1,0.0,0.0,,,,,0.0,0.7934567085261071,0.0,79.34567085261071,10000,0
Blind paired,Confirmation - Confidence-weighted by crop,Crop,Alfalfa/Grass,field_id,2,0,2,0.0,0.0,0.0,0.0,0.0,0.0,0.0,0.6576280471103807,0.0,65.76280471103807,10000,10000
Blind paired,Confirmation - Confidence-weighted by crop,Crop,Corn Grain,field_id,1,0,1,0.0,0.0,,,,,0.0,0.7934567085261071,0.0,79.34567085261071,10000,0
Blind paired,Confirmation - Confidence-weighted by crop,Crop,Corn Silage,field_id,26,11,30,0.3666666666666666,36.66666666666666,0.1724137931034483,0.5666666666666667,17.24137931034483,56.66666666666666,0.2187370220401768,0.5448675356639506,21.87370220401768,54.48675356639507,10000,10000
Blind paired,Confirmation - Confidence-weighted by crop,Crop,Soybean,field_id,9,14,19,0.7368421052631579,73.68421052631578,0.5,0.9629960317460312,50.0,96.29960317460312,0.5120803155892935,0.8819376166045982,51.20803155892935,88.19376166045983,10000,10000
Blind paired,Reviewer-level direction agreement,,,field_id,29,98,135,0.725925925925926,72.5925925925926,0.5784237132352943,0.844311377245509,57.84237132352943,84.4311377245509,0.6452166237395833,0.7941329660087344,64.52166237395834,79.41329660087344,10000,10000
Blind paired,Reviewer-level direction agreement by crop,Crop,Alfalfa,field_id,1,0,2,0.0,0.0,,,,,0.0,0.6576280471103807,0.0,65.76280471103807,10000,0
Blind paired,Reviewer-level direction agreement by crop,Crop,Alfalfa/Grass,field_id,2,3,5,0.6,60.0,0.5,1.0,50.0,100.0,0.2307199322088371,0.8823817688407467,23.07199322088371,88.23817688407468,10000,10000
Blind paired,Reviewer-level direction agreement by crop,Crop,Corn Grain,field_id,1,1,2,0.5,50.0,,,,,0.09452865480086614,0.9054713451991339,9.452865480086615,90.54713451991339,10000,0
Blind paired,Reviewer-level direction agreement by crop,Crop,Corn Silage,field_id,16,45,65,0.6923076923076923,69.23076923076923,0.5,0.8484848484848485,50.0,84.84848484848484,0.5720212794770567,0.7911312329572853,57.20212794770567,79.11312329572853,10000,10000
Blind paired,Reviewer-level direction agreement by crop,Crop,Soybean,field_id,9,49,61,0.8032786885245902,80.32786885245902,0.5555555555555556,0.9565217391304348,55.55555555555556,95.65217391304348,0.6868982151122219,0.8837231144046315,68.68982151122219,88.37231144046315,10000,10000
Blind paired,Reviewer confidence vs anomaly-consensus agreement,anomaly_confidence_normalized,High,field_id,35,128,136,0.9411764705882353,94.11764705882352,0.8910875222137599,0.9784172661870504,89.10875222137598,97.84172661870504,0.8882184758686555,0.969895275690251,88.82184758686556,96.9895275690251,10000,10000
Blind paired,Reviewer confidence vs anomaly-consensus agreement,anomaly_confidence_normalized,Medium,field_id,26,42,60,0.7,70.0,0.625,0.782608695652174,62.5,78.26086956521739,0.5749105303360957,0.801019897472731,57.49105303360957,80.1019897472731,10000,10000
Blind paired,Reviewer confidence vs anomaly-consensus agreement,anomaly_confidence_normalized,Low,field_id,18,15,22,0.6818181818181818,68.18181818181817,0.4782608695652174,0.8636363636363636,47.82608695652174,86.36363636363636,0.4731822278283934,0.8363961264530752,47.31822278283934,83.63961264530751,10000,10000
Blind paired,Reviewer direction confidence vs direction agreement,direction_confidence_normalized,High,field_id,22,73,89,0.8202247191011236,82.02247191011236,0.6710526315789473,0.9339648558988182,67.10526315789474,93.39648558988182,0.72774687912431,0.8862020403255917,72.774687912431,88.62020403255917,10000,10000
Blind paired,Reviewer direction confidence vs direction agreement,direction_confidence_normalized,Medium,field_id,19,19,32,0.59375,59.375,0.4074074074074074,0.75,40.74074074074074,75.0,0.4225972657298823,0.744805975196862,42.25972657298824,74.4805975196862,10000,10000
Blind paired,Reviewer direction confidence vs direction agreement,direction_confidence_normalized,Low,field_id,14,6,14,0.4285714285714285,42.85714285714285,0.1428571428571428,0.7142857142857143,14.28571428571428,71.42857142857143,0.2138050993040053,0.6740973309713064,21.38050993040053,67.40973309713064,10000,10000
