path,bytes,sha256
DATA_DICTIONARY.md,6713,9668b73a0a48f17f139f8fb5893268576f5d0d7893e244baa58c660dfbcb85b5
LINKAGE_RULES.md,4357,84449dcdd139e57b2032c4da87091b67755be9a5ebbae33813087434d2b59ddf
README.md,4123,310bfd1834f45fb3f5b0336aeeff15de2f92ee69ab4f35e6d50297439aad40ab
S3_Narrative.docx,45123,515a741194741e91b547668d0a2a1c2675019a9db77fb752c4b31a8adb7dfed8
code/analysis_functions.py,9878,acc5b2e42ced59e8f6725342ce689e7d224cc43be6e86130589903aa39296f6f
code/reproduce_s3.py,12121,330e014476479623b2c9d8b08464ea08dd81ddb5c559a81955e4bb6128c40901
code/requirements.txt,41,65b97f7db87e4cdcb0f4157240cfece5b48363b3e6a18fdccf72d6528ebcbf85
data/blind_adjudication_log.csv,734,d7a9c04ca07fb957482a93989c8b13570654317b16e2608ed3ca613bc3a4a59c
data/blind_inferred_link_audit.csv,1200,0d3a1399aea3b04808caca48164f638c7241b7e03e199eda5431c43d87768a55
data/blind_pair_inventory.csv,12800,47585a6eed73b41a3ef3bd8503a8cc1cce4465cb055be0971706ed1633f9383a
data/blind_point_linkage_audit.csv,10246,b4bbc4f217d62635b51565d8a896a19dc1b698db9f35d474fd0462173bf0dfc6
data/blind_reviewer_ratings.csv,22069,3770c2fb040c5ec9abebe2948965aeb78d89cf03165a0eebd0e4b8d4e750b0c5
data/reviewer_subsets.csv,137,ab098e146a724b171e842616f57aee792550fe6d239650caad0c80e6a25d5f77
data/rtk_analysis_records.csv,5862,2bd8002396cd93ab93f6eaaefb942e88d0d32570f5ac4220758e9f8eb7e2985d
data/source_provenance.csv,1162,596c37fbbe1ab441ef91351a483fdbca2ccd40cdfa1b8c68d1b2b2f6e78fac73
results/blind_complete_case_consensus.csv,5696,68394a61a15fcb731909737834fd57fe7c1df706b4bb904def75eca2c55c6568
results/blind_endpoint_summary.csv,4975,a97c0eeeb6494160fca814269636b316d3c481830f0749d56aa362ad0a3c8918
results/blind_no_competing_interests_consensus.csv,8743,0ee224ad38dc10220cfbe0dc9bd7867d2ed29d571db89e88d5494a6007c934bf
results/blind_pair_consensus.csv,7005,51ec94b79f1f14e7666449d2829df9bdd8357a1c5573f050f4810f03a6584ed7
results/blind_retention_comparison.csv,1151,22e21ac19a23cb2b2fcd3e1f4f15ab38d10d30ff590ff9d3bf7ff76e2614a32b
results/blind_retention_separation.csv,163,1c1a9b5818c1d159e1aab899d565f211062247e6e8c2f935cb920b2299d7bbe1
results/blind_retention_tests.csv,258,e91731b6325e1cfb878eaf18d4b9fd9cc3841a3c2d09a0e5e86b89bd2b1f1546
results/reversal_comparisons_regenerated.csv,10565,16c6b14c1c30ae8914371ef3d8d37ba9ff390fb17c1e513ba4bdef099e4d29be
results/reversal_summary_regenerated.csv,502,4b62c36a006f9ea10b45faa43b137854d8a2db715c267f1bd96e793880f90924
results/reviewer_confidence.csv,1161,2a0ceb254f5f4a15f7a37ddd3908f51fb86c49fbf7c86f0d09148e312be2aa73
results/reviewer_pairwise_agreement.csv,2322,5bc72dd3c2198a1ca77047c210145a6cd1048f5bd7d9581eeb2a6716686f0ac2
results/reviewer_reliability.csv,454,e816c1ce877b2515b4f9e751dd8ec6e65a9ced67e3b50ace5ee151dbdc855bb0
results/rtk_endpoint_summary.csv,1315,00afbe1f0941cebddfb48fb07d481938399e5132352d9e39737d5853246e37cd
results/rtk_summary_verification.csv,1296,27bde214b81f310422df953c8c4d7ba31997ed26aa21b97baabf62f8c21a5dbc
results/supplied_blind_bootstrap_intervals.csv,8465,b684836cf9720c81ab04bc4ac2f50661e4fb6c2fafdb24df9327b43a34eb3888
results/supplied_reversal/consensus_comparison.csv,5234,7e0fca701e47c6e1d2ff77fd045a86de8c34cca357cdbdb4550df3fc93883a84
results/supplied_reversal/consensus_tests.csv,1169,ca42c65cdb7f250e581e52f245b43a429f1b55d029c0f5c7d1e6fe6d05bd3643
results/supplied_reversal/key_summary.csv,648,361e6f95b641075dc112860acba6d96248c89bd10680ea86735914a1e453a1d1
results/supplied_reversal/pair_level_consensus.csv,5184,bc0b606ffe6dbff1d3b2d7e7db3975b60403ce614ddfec4ada64f7ccc97f5eab
results/supplied_reversal/reversed_pair_comparisons.csv,10898,0200dd022a5d57037c8c9eb12ff55c06b1cba1dad5ef6cd44fd885f6c3806acd
results/supplied_reversal/reviewer_summary.csv,1054,c08f10956a999426c059359ba12457ff08a84fc9c95e926446f719fd4f6746f6
results/supplied_reversal/reviewer_tests.csv,2018,2c177f9256c21a2e2a24fcbdbd2c40f9ca5baad0cd5f7cb859c1a578fbe15d75
results/validation.json,421,ab3b536437687896a1cde213dd2b0bd12296404adf39302ebc0a8ea484bd891d
