pair_id,point_role,point_letter,retained,match_method,observation_id,direct_distance_m,observation_coordinate_count,record_reuse_count,role_typo_corrected
BL-009,target,a,True,inferred_adjacent_or_point_label,OBS-010,,0,1,False
BL-009,reference,b,True,inferred_adjacent_or_point_label,OBS-009,,1,3,False
BL-024,target,a,True,inferred_adjacent_or_point_label,OBS-054,,0,2,False
BL-024,reference,b,True,inferred_adjacent_or_point_label,OBS-055,,0,2,False
BL-025,reference,a,True,inferred_adjacent_or_point_label,OBS-054,,0,2,False
BL-025,target,b,True,inferred_adjacent_or_point_label,OBS-055,,0,2,True
BL-028,reference,a,True,inferred_adjacent_or_point_label,OBS-056,,0,2,False
BL-028,target,b,True,inferred_adjacent_or_point_label,OBS-057,,0,2,False
BL-029,reference,a,True,inferred_adjacent_or_point_label,OBS-056,,0,2,False
BL-029,target,b,True,inferred_adjacent_or_point_label,OBS-057,,0,2,False
BL-030,reference,a,True,inferred_adjacent_or_point_label,OBS-059,,0,1,False
BL-030,target,b,True,inferred_adjacent_or_point_label,OBS-058,,0,1,False
BL-065,reference,b,True,inferred_adjacent_or_point_label,OBS-067,,3,2,False
BL-088,reference,b,True,inferred_adjacent_or_point_label,OBS-085,,4,2,False
