source,sha256,bytes
authoritative_point_pair_workbook,4faffa0316ad94a58bf67d6da543697f14ce3f82b37365d2d205029fb51d000a,23163
reviewer_R1_workbook,e047f62a339b143dd0fdd9b9e6f7820abfe9bf5caa52b8e7e856a6fdb63d8af0,26498
reviewer_R2_workbook,8ff811e82d96146b770051e99e7d1c46079fa18efe9e853d633ab887293e82d6,25170
reviewer_R3_workbook,108ee7bcb81b207991fe0975fb6d70a102f69b6bfbaaf41db5d3fd54eb0ae226,25536
reviewer_R4_workbook,ce6d61435d9c31e7fa8edadbb02572047dc05913a7adc72e52e8fefd847c90df,23852
reviewer_R5_workbook,114a2630521b7ac35da699a06c85af956870177f2a9cb6ed123d141295c192dc,24776
blind_linkage_geojson,31d8a4739bdfb3b12f1379a105d6a4317837aff9252d7c8b24573d27eeb71a94,835648
blind_linkage_script,05c771aeb5a9d414d8bd7373469fb3eaf707666955602ae4c4baec447626627a,31447
full_panel_analysis_v5,533d87dfdb1393d85bf63b988ca3fd6186b8b217902d49530fa217519c07ed64,202007
reviewer_subset_analysis_v5,5391522ba88d383ff46185b0b052fd683d22912920af99429a3ae0481e8ee963,202032
rtk_public_analysis_records,2bd8002396cd93ab93f6eaaefb942e88d0d32570f5ac4220758e9f8eb7e2985d,5862
rtk_public_endpoint_summary,00afbe1f0941cebddfb48fb07d481938399e5132352d9e39737d5853246e37cd,1315
